Profile Name,Country Iso Code,Device,Is Kids,Query Typed,Displayed Name,Action,Section,Utc Timestamp
Casa Ryda,ES,Smart TV,0,ama,Amanda Knox,play,title_results,2024-05-01 12:46:08
Casa Ryda,ES,Smart TV,0,ama,Amanda Knox,select,title_results,2024-05-01 12:46:05
Casa Ryda,ES,HTML 5,0,brookl,"Brooklyn Nine-Nine: Season 1: ""The Tagger""",play,title_results,2024-04-12 20:43:50
Casa Ryda,ES,Smart TV,0,wim hof,Story of…Tea,play,title_results,2024-03-17 12:20:59
Casa Ryda,ES,Smart TV,0,wim hof,Story of…Tea,select,title_results,2024-03-17 12:20:58
Casa Ryda,ES,Smart TV,0,wim hof,The Deepest Breath,play,title_results,2024-03-17 12:20:40
Casa Ryda,ES,Smart TV,0,wim hof,The Deepest Breath,select,title_results,2024-03-17 12:20:36
Casa Ryda,ES,Smart TV,0,space,Solar System: The Secrets Of The Universe,play,title_results,2024-03-12 13:07:54
Casa Ryda,ES,Smart TV,0,space,Solar System: The Secrets Of The Universe,select,title_results,2024-03-12 13:07:52
Casa Ryda,ES,Smart TV,0,space,Black Holes | The Edge of All We Know,play,title_results,2024-03-12 13:07:36
Casa Ryda,ES,Smart TV,0,space,Black Holes | The Edge of All We Know,select,title_results,2024-03-12 13:07:33
Casa Ryda,ES,Smart TV,0,space,,select,title_results,2024-03-12 13:06:50
Casa Ryda,ES,iPhone,0,football,,select,title_results,2024-02-25 00:47:35
Casa Ryda,ES,Smart TV,0,love,,play,title_results,2024-02-19 15:48:50
Casa Ryda,ES,Smart TV,0,love,,select,title_results,2024-02-19 15:48:48
Casa Ryda,ES,Smart TV,0,love,,select,title_results,2024-02-19 15:48:39
Casa Ryda,ES,Smart TV,0,love,,select,title_results,2024-02-19 15:48:33
Casa Ryda,ES,Smart TV,0,love,,select,title_results,2024-02-19 15:48:28
Casa Ryda,ES,Smart TV,0,love,,play,title_results,2024-02-19 15:48:21
Casa Ryda,ES,Smart TV,0,love,,select,title_results,2024-02-19 15:48:18
Casa Ryda,ES,Smart TV,0,love,,select,title_results,2024-02-19 15:48:11
Casa Ryda,ES,Smart TV,0,sund,,play,title_results,2024-02-18 10:47:06
Casa Ryda,ES,Smart TV,0,sund,,select,title_results,2024-02-18 10:47:03
Casa Ryda,ES,Smart TV,0,lo,,play,title_results,2024-02-14 13:58:36
Casa Ryda,ES,Smart TV,0,lo,,play,title_results,2024-02-14 13:58:19
Casa Ryda,ES,Smart TV,0,lo,,select,title_results,2024-02-14 13:58:17
Casa Ryda,ES,HTML 5,0,crazy ,"Crazy, Stupid, Love.",play,title_results,2024-02-06 20:21:50
Casa Ryda,ES,HTML 5,0,rom com,,select,suggestion_results,2024-02-06 20:20:36
Casa Ryda,ES,Smart TV,0,os,The Pianist,play,suggestion_results,2024-01-31 17:57:01
Casa Ryda,ES,Smart TV,0,os,The Pianist,select,suggestion_results,2024-01-31 17:56:59
Casa Ryda,ES,Smart TV,0,os,El Conde,play,suggestion_results,2024-01-31 17:56:12
Casa Ryda,ES,Smart TV,0,os,El Conde,select,suggestion_results,2024-01-31 17:56:09
Casa Ryda,ES,Smart TV,0,os,,select,suggestion_results,2024-01-31 17:55:59
Casa Ryda,ES,Smart TV,0,os,The After,play,suggestion_results,2024-01-31 17:52:57
Casa Ryda,ES,Smart TV,0,os,The After,select,suggestion_results,2024-01-31 17:52:55
Casa Ryda,ES,Smart TV,0,os,American Symphony,play,suggestion_results,2024-01-31 17:52:33
Casa Ryda,ES,Smart TV,0,os,American Symphony,select,suggestion_results,2024-01-31 17:52:31
Casa Ryda,ES,Smart TV,0,os,Maestro,play,suggestion_results,2024-01-31 17:52:15
Casa Ryda,ES,Smart TV,0,os,Maestro,select,suggestion_results,2024-01-31 17:52:12
Casa Ryda,ES,Smart TV,0,os,,select,suggestion_results,2024-01-31 17:52:01
Casa Ryda,ES,Smart TV,0,os,,select,suggestion_results,2024-01-31 17:51:45
Casa Ryda,ES,HTML 5,0,love is blin,,add,title_results,2024-01-21 21:48:13
Casa Ryda,ES,Smart TV,0,last,,play,title_results,2024-01-03 09:44:56
Casa Ryda,ES,Smart TV,0,last,,select,title_results,2024-01-03 09:44:53
Casa Ryda,ES,Smart TV,0,american fo,,play,title_results,2024-01-03 09:44:13
Casa Ryda,ES,Smart TV,0,american fo,,select,title_results,2024-01-03 09:44:10
Casa Ryda,ES,HTML 5,0,pesa,,play,title_results,2024-01-02 21:46:58
Casa Ryda,ES,iPhone,0,despi,The Croods,select,title_results,2024-01-02 16:41:18
Casa Ryda,ES,Smart TV,0,,,select,suggestion_results,2023-12-31 15:37:05
Casa Ryda,ES,HTML 5,0,sommaren med,Sommaren med Göran,play,title_results,2023-12-29 20:38:16
Casa Ryda,ES,HTML 5,0,sommaren med göran,Sommaren med Göran,play,title_results,2023-12-29 20:29:39
Casa Ryda,ES,Smart TV,0,,,play,prequery_results,2023-12-17 14:47:36
Casa Ryda,ES,Smart TV,0,,,select,prequery_results,2023-12-17 14:47:33
Casa Ryda,ES,HTML 5,0,bonu,"Bonus Family: Season 1: ""Episode 1""",play,title_results,2023-12-13 20:35:45
Casa Ryda,ES,Smart TV,0,ba,Batman Begins,play,title_results,2023-12-13 13:16:55
Casa Ryda,ES,Smart TV,0,ba,Batman Begins,select,title_results,2023-12-13 13:16:52
Casa Ryda,ES,HTML 5,0,theo von,Theo Von: Regular People,play,title_results,2023-12-11 22:46:11
Casa Ryda,ES,Smart TV,0,swam,,play,title_results,2023-12-11 09:07:03
Casa Ryda,ES,Smart TV,0,swam,,select,title_results,2023-12-11 09:06:53
Casa Ryda,ES,HTML 5,0,swedish,"Love & Anarchy: Season 1: ""How It All Began""",play,title_results,2023-12-08 20:13:32
Casa Ryda,ES,HTML 5,0,swedish comedy,,select,suggestion_results,2023-12-08 20:11:33
Casa Ryda,ES,HTML 5,0,swedish movie,,select,suggestion_results,2023-12-08 20:11:20
Casa Ryda,ES,Smart TV,0,big,,play,title_results,2023-12-07 13:17:59
Casa Ryda,ES,Smart TV,0,big,,play,title_results,2023-12-07 13:17:38
Casa Ryda,ES,Smart TV,0,big,,select,title_results,2023-12-07 13:17:32
Casa Ryda,ES,Smart TV,0,dica,Don't Look Up,play,suggestion_results,2023-12-06 14:04:04
Casa Ryda,ES,Smart TV,0,dica,Don't Look Up,select,suggestion_results,2023-12-06 14:04:02
Casa Ryda,ES,Smart TV,0,dica,,select,suggestion_results,2023-12-06 14:03:37
Casa Ryda,ES,Smart TV,0,dic,Snatch,play,suggestion_results,2023-12-04 16:56:35
Casa Ryda,ES,Smart TV,0,dic,Snatch,select,suggestion_results,2023-12-04 16:56:30
Casa Ryda,ES,Smart TV,0,dic,,select,suggestion_results,2023-12-04 16:56:15
Casa Ryda,ES,Smart TV,0,frie,,play,title_results,2023-12-03 12:57:43
Casa Ryda,ES,Smart TV,0,frie,,select,title_results,2023-12-03 12:57:41
Casa Ryda,ES,Smart TV,0,socia,Catch Me If You Can,play,suggestion_results,2023-11-21 19:12:43
Casa Ryda,ES,Smart TV,0,socia,Catch Me If You Can,select,suggestion_results,2023-11-21 19:12:40
Casa Ryda,ES,Smart TV,0,socia,The Social Network,select,suggestion_results,2023-11-21 19:11:36
Casa Ryda,ES,Smart TV,0,barga,Nate Bargatze: The Tennessee Kid,play,suggestion_results,2023-11-17 18:07:02
Casa Ryda,ES,Smart TV,0,barga,Nate Bargatze: The Tennessee Kid,select,suggestion_results,2023-11-17 18:06:59
Casa Ryda,ES,Smart TV,0,barga,,select,suggestion_results,2023-11-17 18:06:05
Casa Ryda,ES,Smart TV,0,rogan,Joe Rogan: Strange Times,play,title_results,2023-11-17 17:55:42
Casa Ryda,ES,Smart TV,0,rogan,Joe Rogan: Strange Times,select,title_results,2023-11-17 17:55:40
Casa Ryda,ES,Smart TV,0,rogan,Joe Rogan: Triggered,select,title_results,2023-11-17 17:55:36
Casa Ryda,ES,Smart TV,0,rogan,Seth Rogen's Hilarity for Charity,play,title_results,2023-11-17 17:55:17
Casa Ryda,ES,Smart TV,0,rogan,Seth Rogen's Hilarity for Charity,select,title_results,2023-11-17 17:55:15
Casa Ryda,ES,Smart TV,0,stand,Theo Von: Regular People,play,suggestion_results,2023-11-17 17:50:42
Casa Ryda,ES,Smart TV,0,stand,Theo Von: Regular People,play,suggestion_results,2023-11-17 17:49:03
Casa Ryda,ES,Smart TV,0,stand,Theo Von: Regular People,select,suggestion_results,2023-11-17 17:49:01
Casa Ryda,ES,Smart TV,0,stand,,select,suggestion_results,2023-11-17 17:48:44
Casa Ryda,ES,Smart TV,0,stand,,select,suggestion_results,2023-11-17 17:48:25
Casa Ryda,ES,iPhone,0,selling,,select,title_results,2023-11-16 04:41:07
Casa Ryda,ES,Smart TV,0,s,,play,title_results,2023-11-15 16:47:59
Casa Ryda,ES,Smart TV,0,s,,select,title_results,2023-11-15 15:24:09
Casa Ryda,ES,HTML 5,0,jonah hill,,select,suggestion_results,2023-11-14 20:33:03
Casa Ryda,ES,HTML 5,0,seth rog,,select,suggestion_results,2023-11-14 20:32:39
Casa Ryda,ES,Smart TV,0,azi,Aziz Ansari Live at Madison Square Garden,play,suggestion_results,2023-11-14 18:56:54
Casa Ryda,ES,Smart TV,0,azi,Aziz Ansari Live at Madison Square Garden,select,suggestion_results,2023-11-14 18:56:51
Casa Ryda,ES,Smart TV,0,azi,,select,suggestion_results,2023-11-14 18:56:38
Casa Ryda,ES,Smart TV,0,k,,play,title_results,2023-11-09 17:46:57
Casa Ryda,ES,Smart TV,0,k,,play,title_results,2023-11-09 17:46:26
Casa Ryda,ES,Smart TV,0,k,,select,title_results,2023-11-09 17:46:24
Casa Ryda,ES,Smart TV,0,sell,,play,title_results,2023-11-03 08:55:23
Casa Ryda,ES,Smart TV,0,sell,,select,title_results,2023-11-03 08:55:21
Casa Ryda,ES,Smart TV,0,coo,,play,title_results,2023-11-02 12:20:36
Casa Ryda,ES,Smart TV,0,coo,,select,title_results,2023-11-02 12:20:34
Casa Ryda,ES,HTML 5,0,spanish,,select,suggestion_results,2023-10-15 21:24:33
Casa Ryda,ES,Smart TV,0,mex,,play,suggestion_results,2023-10-13 18:23:30
Casa Ryda,ES,Smart TV,0,mex,,select,suggestion_results,2023-10-13 18:23:27
Casa Ryda,ES,Smart TV,0,mex,,select,suggestion_results,2023-10-13 18:23:20
Casa Ryda,ES,Smart TV,0,mex,,select,suggestion_results,2023-10-13 18:22:50
Casa Ryda,ES,Smart TV,0,mex,,select,suggestion_results,2023-10-13 18:22:04
Casa Ryda,ES,Smart TV,0,span,,select,suggestion_results,2023-10-13 18:21:27
Casa Ryda,ES,Smart TV,0,span,,select,suggestion_results,2023-10-13 18:20:35
Casa Ryda,ES,HTML 5,0,the o,"The Office (U.S.): Season 3: ""Initiation""",play,title_results,2023-10-11 21:19:30
Casa Ryda,ES,Smart TV,0,baking,,play,title_results,2023-04-28 13:47:31
Casa Ryda,ES,Smart TV,0,baking,,play,title_results,2023-04-28 13:47:11
Casa Ryda,ES,Smart TV,0,baking,,select,title_results,2023-04-28 13:47:09
Casa Ryda,ES,Smart TV,0,baking,,play,title_results,2023-04-28 13:46:44
Casa Ryda,ES,Smart TV,0,baking,,select,title_results,2023-04-28 13:46:42
Casa Ryda,ES,Smart TV,0,b,,play,title_results,2023-04-27 18:58:38
Casa Ryda,ES,Smart TV,0,b,,select,title_results,2023-04-27 18:58:36
Casa Ryda,ES,Smart TV,0,food,,select,title_results,2023-04-19 13:25:07
Casa Ryda,ES,Smart TV,0,food,Food on the Go,select,title_results,2023-04-19 13:24:37
Casa Ryda,ES,Smart TV,0,food,,select,title_results,2023-04-19 13:24:17
Casa Ryda,ES,Smart TV,0,food,,select,title_results,2023-04-19 13:22:34
Casa Ryda,ES,Smart TV,0,food,,play,title_results,2023-04-18 12:43:30
Casa Ryda,ES,Smart TV,0,food,,play,title_results,2023-04-18 12:14:52
Casa Ryda,ES,Smart TV,0,food,,select,title_results,2023-04-18 12:14:28
Casa Ryda,ES,Smart TV,0,,,play,prequery_results,2023-04-17 09:15:40
Casa Ryda,ES,Smart TV,0,,,select,prequery_results,2023-04-17 09:15:37
Casa Ryda,ES,Smart TV,0,un,,play,title_results,2023-04-14 15:05:48
Casa Ryda,ES,Smart TV,0,un,,select,title_results,2023-04-14 15:05:46
Casa Ryda,ES,HTML 5,0,night,"The Night Agent: Season 1: ""Redial""",play,title_results,2023-04-13 20:15:25
Casa Ryda,ES,iPhone,0,love,,select,title_results,2023-04-13 17:52:17
Casa Ryda,ES,iPhone,0,love,"Love Is Blind: Season 1: ""The Weddings""",play,title_results,2023-04-13 17:52:07
Casa Ryda,ES,iPhone,0,love,,select,title_results,2023-04-13 17:51:55
Casa Ryda,ES,HTML 5,0,grown ups,Grown Ups,play,,2023-04-03 19:05:25
Casa Ryda,ES,HTML 5,0,ben,Gifted Hands: The Ben Carson Story,play,,2023-03-04 19:32:47
Casa Ryda,ES,Smart TV,0,franco,Superbad,play,suggestion_results,2023-02-26 19:46:57
Casa Ryda,ES,Smart TV,0,franco,Superbad,select,suggestion_results,2023-02-26 19:46:53
Casa Ryda,ES,Smart TV,0,franco,,select,suggestion_results,2023-02-26 19:46:48
Casa Ryda,ES,Smart TV,0,jon,,select,suggestion_results,2023-02-26 19:45:24
Casa Ryda,ES,Smart TV,0,aw,Green Book,play,suggestion_results,2023-02-13 18:56:48
Casa Ryda,ES,Smart TV,0,aw,Green Book,select,suggestion_results,2023-02-13 18:56:45
Casa Ryda,ES,Smart TV,0,aw,,select,suggestion_results,2023-02-13 18:56:36
Casa Ryda,ES,Smart TV,0,aw,,select,suggestion_results,2023-02-13 18:56:36
Casa Ryda,ES,Smart TV,0,aw,,select,suggestion_results,2023-02-13 18:55:49
Casa Ryda,ES,Smart TV,0,aw,,select,suggestion_results,2023-02-13 18:55:49
Casa Ryda,ES,Smart TV,0,jona,Stutz,play,suggestion_results,2023-01-31 18:02:24
Casa Ryda,ES,Smart TV,0,jona,Stutz,select,suggestion_results,2023-01-31 18:02:21
Casa Ryda,ES,Smart TV,0,jona,Yesterday,play,suggestion_results,2023-01-31 18:02:03
Casa Ryda,ES,Smart TV,0,jona,Yesterday,select,suggestion_results,2023-01-31 18:02:01
Casa Ryda,ES,Smart TV,0,jona,Yesterday,play,suggestion_results,2023-01-31 18:01:56
Casa Ryda,ES,Smart TV,0,jona,Yesterday,select,suggestion_results,2023-01-31 18:01:54
Casa Ryda,ES,Smart TV,0,jona,,select,suggestion_results,2023-01-31 18:01:48
Casa Ryda,ES,Smart TV,0,jona,,select,suggestion_results,2023-01-31 18:01:48
Casa Ryda,ES,Smart TV,0,al,,play,title_results,2023-01-22 11:51:57
Casa Ryda,ES,Smart TV,0,al,,play,title_results,2023-01-22 11:51:57
Casa Ryda,ES,Smart TV,0,al,,select,title_results,2023-01-22 11:51:46
Casa Ryda,ES,Smart TV,0,al,,select,title_results,2023-01-22 11:51:46
Casa Ryda,ES,Smart TV,0,rup,,play,title_results,2023-01-18 11:00:28
Casa Ryda,ES,Smart TV,0,rup,,play,title_results,2023-01-18 11:00:28
Casa Ryda,ES,Smart TV,0,rup,,select,title_results,2023-01-18 11:00:25
Casa Ryda,ES,Smart TV,0,rup,,select,title_results,2023-01-18 11:00:25
Casa Ryda,ES,iPhone,0,ancie,,select,title_results,2022-12-29 17:24:43
Casa Ryda,ES,HTML 5,0,linco,"The Lincoln Lawyer: Season 1: ""He Rides Again""",play,,2022-12-25 21:37:46
Casa Ryda,ES,HTML 5,0,linco,"The Lincoln Lawyer: Season 1: ""He Rides Again""",play,,2022-12-25 21:37:46
Casa Ryda,ES,Smart TV,0,off,Office Christmas Party,play,title_results,2022-12-25 10:47:18
Casa Ryda,ES,Smart TV,0,off,Office Christmas Party,play,title_results,2022-12-24 15:26:33
Casa Ryda,ES,Smart TV,0,off,Office Christmas Party,play,title_results,2022-12-24 15:26:33
Casa Ryda,ES,Smart TV,0,off,Office Christmas Party,play,title_results,2022-12-24 10:57:51
Casa Ryda,ES,Smart TV,0,off,Office Christmas Party,play,title_results,2022-12-24 10:57:51
Casa Ryda,ES,Smart TV,0,off,Office Christmas Party,select,title_results,2022-12-24 10:57:49
Casa Ryda,ES,Smart TV,0,off,Office Christmas Party,select,title_results,2022-12-24 10:57:49
Casa Ryda,ES,HTML 5,0,christmas,Office Christmas Party,play,,2022-12-22 22:26:58
Casa Ryda,ES,HTML 5,0,christmas,Office Christmas Party,play,,2022-12-22 22:26:58
Casa Ryda,ES,Smart TV,0,the ci,,play,title_results,2022-12-22 19:35:40
Casa Ryda,ES,Smart TV,0,the ci,,play,title_results,2022-12-22 19:35:40
Casa Ryda,ES,Smart TV,0,the ci,,select,title_results,2022-12-22 19:35:38
Casa Ryda,ES,Smart TV,0,the ci,,select,title_results,2022-12-22 19:35:38
Casa Ryda,ES,Smart TV,0,jonah,"Game Over, Man!",play,suggestion_results,2022-12-22 14:30:43
Casa Ryda,ES,Smart TV,0,jonah,"Game Over, Man!",select,suggestion_results,2022-12-22 14:30:39
Casa Ryda,ES,Smart TV,0,jonah,,select,suggestion_results,2022-12-22 14:28:50
Casa Ryda,ES,Smart TV,0,jonah,,select,suggestion_results,2022-12-22 14:28:50
Casa Ryda,ES,Smart TV,0,kni,Glass Onion: A Knives Out Mystery,select,title_results,2022-12-22 14:27:56
Casa Ryda,ES,Smart TV,0,kni,Glass Onion: A Knives Out Mystery,select,title_results,2022-12-22 14:27:56
Casa Ryda,ES,Smart TV,0,swedi,,play,suggestion_results,2022-12-13 18:05:47
Casa Ryda,ES,Smart TV,0,swedi,,select,suggestion_results,2022-12-13 18:05:45
Casa Ryda,ES,Smart TV,0,swedi,,play,suggestion_results,2022-12-13 18:05:25
Casa Ryda,ES,Smart TV,0,swedi,,select,suggestion_results,2022-12-13 18:05:23
Casa Ryda,ES,Smart TV,0,swedi,JJ+E,play,suggestion_results,2022-12-13 18:05:20
Casa Ryda,ES,Smart TV,0,swedi,JJ+E,select,suggestion_results,2022-12-13 18:05:17
Casa Ryda,ES,Smart TV,0,swedi,,play,suggestion_results,2022-12-13 18:04:30
Casa Ryda,ES,Smart TV,0,swedi,,select,suggestion_results,2022-12-13 18:04:28
Casa Ryda,ES,Smart TV,0,swedi,To Kill a Child,play,suggestion_results,2022-12-13 18:04:21
Casa Ryda,ES,Smart TV,0,swedi,To Kill a Child,select,suggestion_results,2022-12-13 18:04:18
Casa Ryda,ES,Smart TV,0,swedi,,select,suggestion_results,2022-12-13 18:04:17
Casa Ryda,ES,Smart TV,0,swedi,,select,suggestion_results,2022-12-13 18:04:17
Casa Ryda,ES,Smart TV,0,adam ,When We First Met,play,suggestion_results,2022-12-10 17:37:18
Casa Ryda,ES,Smart TV,0,adam ,When We First Met,play,suggestion_results,2022-12-10 17:32:59
Casa Ryda,ES,Smart TV,0,adam ,When We First Met,select,suggestion_results,2022-12-10 17:32:57
Casa Ryda,ES,Smart TV,0,adam ,,select,suggestion_results,2022-12-10 17:32:32
Casa Ryda,ES,Smart TV,0,adam ,,select,suggestion_results,2022-12-10 17:32:32
Casa Ryda,ES,Smart TV,0,da,,play,title_results,2022-12-10 17:31:47
Casa Ryda,ES,Smart TV,0,da,,play,title_results,2022-12-10 17:31:47
Casa Ryda,ES,Smart TV,0,da,,select,title_results,2022-12-10 17:31:44
Casa Ryda,ES,Smart TV,0,da,,select,title_results,2022-12-10 17:31:44
Casa Ryda,ES,Smart TV,0,,Knives Out,play,prequery_results,2022-12-07 18:27:05
Casa Ryda,ES,Smart TV,0,,Knives Out,select,prequery_results,2022-12-07 18:27:02
Casa Ryda,ES,HTML 5,0,knives,Knives Out,play,title_results,2022-12-06 21:36:33
Casa Ryda,ES,HTML 5,0,knives,Knives Out,play,title_results,2022-12-06 21:36:33
Casa Ryda,ES,Smart TV,0,kniv,Knives Out,play,title_results,2022-12-05 20:17:31
Casa Ryda,ES,Smart TV,0,kniv,Knives Out,play,title_results,2022-12-05 20:17:31
Casa Ryda,ES,Smart TV,0,kniv,Knives Out,select,title_results,2022-12-05 20:17:29
Casa Ryda,ES,Smart TV,0,kniv,Knives Out,select,title_results,2022-12-05 20:17:29
Casa Ryda,ES,Smart TV,0,kniv,Glass Onion: A Knives Out Mystery,select,title_results,2022-12-05 20:16:00
Casa Ryda,ES,Smart TV,0,kniv,Glass Onion: A Knives Out Mystery,select,title_results,2022-12-05 20:16:00
Casa Ryda,ES,Smart TV,0,kniv,Knives Out,play,title_results,2022-12-05 20:15:53
Casa Ryda,ES,Smart TV,0,kniv,Knives Out,play,title_results,2022-12-05 20:15:53
Casa Ryda,ES,Smart TV,0,kniv,Knives Out,select,title_results,2022-12-05 20:15:51
Casa Ryda,ES,Smart TV,0,kniv,Knives Out,select,title_results,2022-12-05 20:15:51
Casa Ryda,ES,Smart TV,0,an,,play,title_results,2022-11-30 13:13:42
Casa Ryda,ES,Smart TV,0,an,,play,title_results,2022-11-30 13:13:42
Casa Ryda,ES,Smart TV,0,an,,select,title_results,2022-11-30 13:13:39
Casa Ryda,ES,Smart TV,0,an,,select,title_results,2022-11-30 13:13:39
Casa Ryda,ES,Smart TV,0,lost,The Lost Patient,play,title_results,2022-11-29 17:40:05
Casa Ryda,ES,Smart TV,0,lost,The Lost Patient,play,title_results,2022-11-29 17:40:05
Casa Ryda,ES,Smart TV,0,lost,The Lost Patient,select,title_results,2022-11-29 17:40:03
Casa Ryda,ES,Smart TV,0,lost,The Lost Patient,select,title_results,2022-11-29 17:40:03
Casa Ryda,ES,HTML 5,0,i think you,"I Think You Should Leave with Tim Robinson: Season 1: ""Has This Ever Happened To You?""",play,title_results,2022-11-21 21:15:29
Casa Ryda,ES,HTML 5,0,i think you,"I Think You Should Leave with Tim Robinson: Season 1: ""Has This Ever Happened To You?""",play,title_results,2022-11-21 21:15:29
Casa Ryda,ES,HTML 5,0,wednesday,,add,title_results,2022-11-17 11:01:02
Casa Ryda,ES,HTML 5,0,wednesday,,add,title_results,2022-11-17 11:01:02
